Stage,Application,Evaluation Date
build,003b21418b364fe89bd2f9c315ef90fd,2021-10-03T13:45:38.647+01:00
build,00b5dcf495d34c54ba7e953b5dcd16cb,2021-10-03T16:51:42.918+01:00
build,0798a10b6b924cba9c7b58289dab52ce,2021-09-17T15:40:29.351+01:00
develop,089119332226489885d4cb16a27b3cea,2021-11-22T11:38:03.156Z
build,17f9b728f8f64a52a9fa69d755c3fb51,2021-10-03T12:16:41.085+01:00
build,1e9c07fd79304628b2c2cf8dbfb0f0ad,2021-09-27T12:14:23.798+01:00
build,24e522a4206d467b84fa25a62ffa8c9a,2021-10-13T12:12:12.662+01:00
build,322cdacac41643a2bca65db2f172bd4f,2021-10-03T08:57:25.163+01:00
source,322cdacac41643a2bca65db2f172bd4f,2021-11-30T00:00:28.167Z
build,32dfd49de78a48c3bc10a7ff4313e795,2021-10-08T12:13:08.813+01:00
build,3a322d6309b5455595d2aedab93a82ef,2021-11-09T10:59:33.635Z
source,3a322d6309b5455595d2aedab93a82ef,2021-11-30T00:00:27.871Z
build,4828b90daba04167965cd0e2c3ea8bba,2021-10-18T14:37:21.300+01:00
build,4b07c29fc0484d47b95959e278668002,2021-10-05T12:40:24.265+01:00
build,564fb33a2eae4070b56ad6e0f90b5c59,2021-11-12T09:41:29.380Z
build,5b62e69eeceb4e1aad586201f27ff7b5,2021-10-03T10:00:24.762+01:00
source,5b62e69eeceb4e1aad586201f27ff7b5,2021-11-30T00:00:28.167Z
develop,5bfa7ae1ad644b58b962a483e1384f30,2021-09-08T13:35:30.292+01:00
build,618b37951b7046aa8b60ff9d6dcf8cf5,2021-09-07T16:22:57.186+01:00
build,736a6f440c5149848b274996651e816e,2021-09-27T16:12:45.299+01:00
build,73a2f04d881f42f49a5b019ebf8356b5,2021-10-05T13:30:25.908+01:00
build,79bc2d537a974b4b9561ee6a4dc0b6c0,2021-11-09T11:05:21.167Z
build,7e69cbdf3fab4fa5bb99c2fc08640a65,2021-10-03T17:33:34.235+01:00
build,87d9940c4f134b85ad5c4e6e73bdf959,2021-10-14T08:02:54.674+01:00
build,8adf8df8573842a2a9645a5edd4e7e4d,2021-09-22T18:07:05.398+01:00
build,8e761e741cf748458f51a0c1f4826fdb,2021-09-22T18:02:44.876+01:00
build,8f8dd1be765b46afa855100b4e383de1,2021-09-09T10:52:45.736+01:00
build,933854a369f94ca39b518e81648a4c16,2021-09-28T08:38:27.218+01:00
build,94cf697f3cd14975aba5f0e2c81c45dd,2021-10-13T10:43:04.148+01:00
build,a020ccd6da7048559b62e784ac3ee154,2021-10-03T20:07:34.729+01:00
build,a27d4805a0f044138ee28acb8aa9d42d,2021-10-14T09:48:52.669+01:00
build,a45a5383dff24ac9b5503927aa1dab0d,2021-09-08T18:31:37.119+01:00
build,a8c64f085c1c4ce9ae1c3a2e8b9c1c4f,2021-10-03T08:59:49.446+01:00
source,a8c64f085c1c4ce9ae1c3a2e8b9c1c4f,2021-11-30T00:00:28.167Z
build,aac9a54ee59b4b13ae7f881082dfbcda,2021-09-28T09:19:41.579+01:00
build,b12a3bc87df94b4ea1884b74c6a60584,2021-10-13T10:35:31.730+01:00
source,ba2d5243c9f947ac98f936356f7d5508,2021-11-30T00:00:26.769Z
build,bd14b166cf5c454190d62dd75139a6a9,2021-10-03T15:44:44.126+01:00
source,d0cbafdfdb574b9594e64f46c27c6c4c,2021-11-30T00:00:23.023Z
build,d525a2cfd1e34c9bbc9ae59623bd086c,2021-10-11T09:45:43.081+01:00
build,da021690a6d84ecc9c887a81d7a5d411,2021-09-24T11:11:53.830+01:00
build,e741555a0ada4631b17590e7dc7f936b,2021-10-03T09:46:44.721+01:00
source,e741555a0ada4631b17590e7dc7f936b,2021-11-30T00:00:28.167Z
build,eedd3f6e580240c2970006b38acdea9f,2021-09-30T12:05:24.570+01:00
build,f362ba9a342f4bab9fdd71f5944afabe,2021-10-05T12:38:11.120+01:00
build,f79a8d3d324b4dfa964efdef21d72862,2021-10-08T10:46:29.505+01:00
build,fa0235fc20f7468f8199b03b3f88da4e,2021-10-14T09:47:45.812+01:00
develop,fc1c4a4e82b84b6e957451616c2df7f7,2021-09-08T13:36:21.062+01:00
